frame,time_sec,kp0_x,kp0_y,kp0_c,kp1_x,kp1_y,kp1_c,kp2_x,kp2_y,kp2_c,kp3_x,kp3_y,kp3_c,kp4_x,kp4_y,kp4_c,kp5_x,kp5_y,kp5_c,kp6_x,kp6_y,kp6_c,kp7_x,kp7_y,kp7_c,kp8_x,kp8_y,kp8_c,kp9_x,kp9_y,kp9_c,kp10_x,kp10_y,kp10_c,kp11_x,kp11_y,kp11_c,kp12_x,kp12_y,kp12_c,kp13_x,kp13_y,kp13_c,kp14_x,kp14_y,kp14_c
1,0.0333667,872,296,0.407013,880,280,0.422382,864,288,0.451264,864,344,0.500478,816,360,0.563758,856,312,0.401985,944,312,0.582856,968,384,0.288099,912,408,0.151588,904,440,0.33775,952,312,0.141313,0,0,0,952,440,0.271841,968,320,0.253448,1120,952,0.193136
5,0.166833,768,512,0.32107,744,464,0.279781,744,504,0.323891,744,496,0.254669,808,368,0.325845,752,424,0.240994,816,528,0.339895,856,552,0.149388,776,432,0.138946,800,768,0.23764,960,320,0.114437,0,0,0,888,736,0.184504,952,760,0.102304,1120,952,0.194872
10,0.333667,752,456,0.31031,752,432,0.286346,744,432,0.32549,768,600,0.29287,760,664,0.34815,752,424,0.201107,816,528,0.28606,816,496,0.148939,784,448,0.113757,800,776,0.253085,952,320,0.134323,0,0,0,896,744,0.201533,0,0,0,1120,952,0.199213
15,0.5005,784,488,0.346295,776,464,0.330374,776,488,0.334918,768,592,0.312874,752,664,0.261709,760,432,0.107458,848,552,0.338727,888,576,0.183758,880,584,0.111202,792,760,0.24544,960,320,0.127553,0,0,0,888,736,0.202868,0,0,0,1120,952,0.151417
20,0.667333,784,488,0.469076,784,480,0.444251,776,480,0.458552,760,504,0.302461,744,480,0.309362,752,432,0.204349,840,536,0.461136,904,576,0.183635,784,472,0.131488,792,736,0.341895,0,0,0,0,0,0,888,728,0.273566,960,768,0.115496,1120,944,0.364471
25,0.834167,760,432,0.16735,760,416,0.160247,800,584,0.156276,776,632,0.155072,752,648,0.152584,0,0,0,840,600,0.139982,0,0,0,0,0,0,784,736,0.149817,0,0,0,0,0,0,0,0,0,0,0,0,1120,952,0.222149
30,1.001,848,512,0.191067,800,592,0.145454,840,512,0.173825,792,608,0.160269,752,640,0.174738,0,0,0,848,592,0.146963,0,0,0,0,0,0,784,728,0.1394,0,0,0,1120,928,0.125978,0,0,0,0,0,0,1128,952,0.116228
35,1.16783,792,576,0.237749,792,568,0.204348,784,576,0.233301,768,616,0.247571,744,648,0.209553,776,656,0.108742,840,600,0.189789,888,616,0.112575,0,0,0,784,736,0.226013,0,0,0,1120,928,0.117414,872,728,0.144931,0,0,0,0,0,0
40,1.33467,848,464,0.132525,864,464,0.118019,856,472,0.10752,0,0,0,0,0,0,0,0,0,0,0,0,0,0,0,0,0,0,0,0,0,0,0,0,1112,936,0.144733,0,0,0,0,0,0,0,0,0
45,1.5015,0,0,0,832,416,0.11125,840,384,0.115742,856,416,0.17623,792,424,0.211062,800,416,0.130696,888,448,0.101082,928,384,0.130729,0,0,0,0,0,0,0,0,0,1104,944,0.157965,0,0,0,0,0,0,0,0,0
50,1.66833,0,0,0,0,0,0,0,0,0,0,0,0,0,0,0,0,0,0,0,0,0,0,0,0,0,0,0,0,0,0,952,288,0.105439,1112,944,0.195918,0,0,0,0,0,0,0,0,0
55,1.83517,0,0,0,0,0,0,0,0,0,0,0,0,0,0,0,0,0,0,928,320,0.112055,936,408,0.171805,0,0,0,0,0,0,0,0,0,0,0,0,0,0,0,0,0,0,0,0,0
60,2.002,768,504,0.30445,768,504,0.287982,760,512,0.278338,776,512,0.185019,728,528,0.166537,744,520,0.100484,808,512,0.194486,824,496,0.113505,0,0,0,760,640,0.165292,0,0,0,0,0,0,0,0,0,0,0,0,0,0,0
65,2.16883,0,0,0,0,0,0,0,0,0,0,0,0,0,0,0,0,0,0,0,0,0,0,0,0,0,0,0,0,0,0,0,0,0,0,0,0,0,0,0,0,0,0,0,0,0
70,2.33567,744,552,0.26608,752,544,0.246419,744,544,0.224238,744,568,0.216358,736,608,0.148202,0,0,0,784,552,0.174081,808,576,0.10156,0,0,0,760,664,0.191386,0,0,0,0,0,0,0,0,0,0,0,0,0,0,0
75,2.5025,0,0,0,0,0,0,0,0,0,0,0,0,0,0,0,0,0,0,0,0,0,0,0,0,0,0,0,0,0,0,0,0,0,0,0,0,0,0,0,0,0,0,0,0,0
80,2.66933,0,0,0,0,0,0,0,0,0,936,312,0.100208,0,0,0,0,0,0,0,0,0,0,0,0,0,0,0,0,0,0,0,0,0,0,0,0,0,0,0,0,0,0,0,0,0
85,2.83617,0,0,0,0,0,0,0,0,0,0,0,0,0,0,0,0,0,0,0,0,0,0,0,0,0,0,0,0,0,0,0,0,0,0,0,0,0,0,0,0,0,0,0,0,0
90,3.003,0,0,0,0,0,0,0,0,0,0,0,0,0,0,0,0,0,0,0,0,0,0,0,0,0,0,0,0,0,0,0,0,0,0,0,0,0,0,0,0,0,0,0,0,0
95,3.16983,0,0,0,0,0,0,0,0,0,0,0,0,0,0,0,0,0,0,0,0,0,0,0,0,0,0,0,872,448,0.102366,0,0,0,0,0,0,0,0,0,0,0,0,0,0,0
100,3.33667,0,0,0,0,0,0,0,0,0,0,0,0,0,0,0,0,0,0,0,0,0,0,0,0,0,0,0,0,0,0,0,0,0,0,0,0,0,0,0,0,0,0,0,0,0
105,3.5035,0,0,0,0,0,0,0,0,0,928,320,0.103231,0,0,0,0,0,0,0,0,0,0,0,0,0,0,0,0,0,0,0,0,0,0,0,0,0,0,0,0,0,0,0,0,0
110,3.67033,0,0,0,0,0,0,0,0,0,880,296,0.103297,880,272,0.101183,0,0,0,0,0,0,896,288,0.105336,0,0,0,872,464,0.111689,0,0,0,0,0,0,0,0,0,0,0,0,0,0,0
115,3.83717,736,456,0.520058,736,448,0.496295,728,448,0.52178,744,480,0.546685,712,432,0.364004,744,448,0.266126,784,472,0.513683,832,416,0.197418,744,464,0.172562,784,568,0.432422,0,0,0,0,0,0,824,552,0.280906,0,0,0,864,624,0.106227
120,4.004,912,256,0.548439,928,248,0.549885,904,248,0.532752,888,304,0.380661,856,272,0.591187,888,248,0.311146,976,320,0.483906,1016,416,0.370501,888,288,0.12481,864,448,0.562635,864,528,0.364394,856,640,0.433975,944,464,0.497682,880,520,0.289195,864,624,0.200973
125,4.17083,888,256,0.580805,896,248,0.612022,880,256,0.611593,856,352,0.592884,840,448,0.579636,912,416,0.506291,960,336,0.430965,1032,416,0.260596,896,272,0.115651,896,528,0.278693,0,0,0,0,0,0,984,528,0.196217,0,0,0,0,0,0
130,4.33767,888,304,0.23558,904,304,0.221009,880,296,0.262097,872,352,0.340892,840,392,0.360727,856,384,0.211618,952,352,0.371433,960,408,0.183777,896,376,0.115023,880,464,0.360705,888,568,0.153695,904,664,0.111607,944,472,0.313222,936,560,0.210847,896,648,0.11533
135,4.5045,976,240,0.524173,992,232,0.538996,968,232,0.543294,944,272,0.722568,872,272,0.540656,952,192,0.407611,1008,272,0.531025,1032,240,0.277678,960,224,0.271228,952,376,0.47834,840,416,0.11908,0,0,0,1016,376,0.266331,0,0,0,0,0,0
140,4.67133,936,256,0.910084,960,248,0.845801,936,248,0.959409,896,344,0.843926,848,416,0.604632,816,448,0.285548,1056,352,0.870209,1080,448,0.829576,984,376,0.57092,904,528,0.584396,896,648,0.163806,0,0,0,1024,536,0.567462,1032,688,0.104954,0,0,0
145,4.83817,952,264,0.85715,968,256,0.857891,944,256,0.852665,904,336,0.823273,880,296,0.503048,912,232,0.505199,1040,352,0.803724,1080,440,0.766347,976,376,0.631156,912,544,0.533937,944,664,0.174375,0,0,0,1032,544,0.581005,1072,696,0.166908,0,0,0
150,5.005,720,400,0.150743,728,400,0.152732,728,392,0.139038,0,0,0,904,288,0.17753,0,0,0,0,0,0,0,0,0,0,0,0,928,352,0.13589,0,0,0,0,0,0,984,352,0.154304,0,0,0,0,0,0
155,5.17183,944,256,0.749866,968,248,0.776464,952,256,0.776131,904,352,0.877888,856,416,0.594113,848,440,0.29084,1040,360,0.781366,1128,440,0.467751,1032,400,0.546586,936,544,0.583727,992,688,0.168541,0,0,0,1040,536,0.487263,0,0,0,0,0,0
160,5.33867,952,264,0.818276,968,248,0.868398,960,256,0.775447,912,352,0.824952,864,312,0.551356,944,288,0.248259,1064,368,0.730648,1168,440,0.503297,1080,384,0.529597,952,560,0.52139,976,680,0.113196,0,0,0,1056,568,0.427923,0,0,0,0,0,0
165,5.5055,960,264,0.619073,976,256,0.640282,960,256,0.624795,920,352,0.803416,864,296,0.396316,944,256,0.335784,1056,360,0.746071,1096,400,0.366724,1144,392,0.36224,952,552,0.571189,976,664,0.193929,0,0,0,1064,552,0.566686,1080,688,0.148453,0,0,0
170,5.67233,760,472,0.34211,792,304,0.295054,776,304,0.344882,808,352,0.290329,752,296,0.35904,760,448,0.319779,840,336,0.210445,832,320,0.166842,784,424,0.159921,808,560,0.187576,0,0,0,0,0,0,840,544,0.140118,0,0,0,0,0,0
175,5.83917,768,448,0.588721,776,448,0.595058,760,448,0.640094,752,480,0.502668,736,472,0.302953,776,520,0.224688,792,488,0.279631,792,496,0.132069,760,472,0.134046,728,600,0.176848,0,0,0,0,0,0,816,552,0.12476,0,0,0,0,0,0
180,6.006,728,472,0.198973,736,472,0.200687,728,464,0.171462,840,376,0.174223,760,344,0.197664,824,352,0.10195,848,352,0.20948,816,336,0.125876,760,352,0.123142,992,512,0.170041,0,0,0,0,0,0,816,504,0.118958,0,0,0,0,0,0
185,6.17283,728,480,0.353152,736,464,0.33536,728,480,0.320445,728,512,0.199351,720,464,0.142483,728,456,0.102566,760,496,0.186492,0,0,0,0,0,0,744,600,0.156085,0,0,0,0,0,0,768,576,0.100112,0,0,0,0,0,0
190,6.33967,0,0,0,0,0,0,0,0,0,800,408,0.107882,768,464,0.143588,752,496,0.103236,0,0,0,0,0,0,0,0,0,0,0,0,0,0,0,0,0,0,0,0,0,0,0,0,0,0,0
195,6.5065,840,336,0.447551,848,320,0.387275,832,328,0.499557,800,368,0.568024,792,416,0.323612,792,400,0.170323,896,360,0.512662,920,360,0.125311,0,0,0,848,488,0.362734,1072,584,0.103386,0,0,0,928,488,0.304452,0,0,0,0,0,0
200,6.67333,840,296,0.191197,848,288,0.168327,832,288,0.202041,768,384,0.550374,744,472,0.462939,728,512,0.438085,888,376,0.314908,0,0,0,0,0,0,784,536,0.397757,856,664,0.142502,928,872,0.121513,880,528,0.381306,928,632,0.151315,0,0,0
205,6.84017,880,256,0.274565,880,248,0.314291,872,248,0.337945,768,368,0.517287,728,464,0.361194,736,520,0.322508,888,336,0.371979,0,0,0,0,0,0,784,520,0.156232,1032,512,0.114393,0,0,0,904,472,0.150961,0,0,0,0,0,0
210,7.007,1016,408,0.342337,1032,400,0.320794,1008,408,0.339553,1016,456,0.24128,960,464,0.218269,984,464,0.160399,1032,424,0.19803,1048,456,0.149284,1032,400,0.102315,992,520,0.233356,0,0,0,0,0,0,1040,512,0.113767,0,0,0,0,0,0
215,7.17383,856,248,0.695849,872,232,0.752176,848,240,0.704501,792,352,0.7783,768,400,0.369074,848,376,0.168701,952,344,0.665275,1008,416,0.325394,1024,368,0.112974,816,544,0.188671,1080,568,0.213063,1088,808,0.187325,952,512,0.386015,1080,560,0.255518,0,0,0
220,7.34067,840,528,0.302352,840,520,0.256836,824,528,0.285119,816,560,0.203104,760,536,0.131539,0,0,0,808,576,0.155812,800,440,0.11826,800,504,0.106053,792,704,0.158548,0,0,0,0,0,0,0,0,0,0,0,0,0,0,0
225,7.5075,840,520,0.184768,840,504,0.184345,832,512,0.16125,792,368,0.163636,712,504,0.234288,752,480,0.13357,784,368,0.109927,0,0,0,800,480,0.105541,752,488,0.13311,808,776,0.11975,864,888,0.130317,0,0,0,0,0,0,0,0,0
230,7.67433,0,0,0,0,0,0,0,0,0,0,0,0,0,0,0,0,0,0,0,0,0,0,0,0,0,0,0,0,0,0,0,0,0,0,0,0,0,0,0,0,0,0,0,0,0
235,7.84117,960,392,0.105079,0,0,0,952,400,0.101566,0,0,0,784,392,0.111157,0,0,0,0,0,0,976,392,0.114378,0,0,0,0,0,0,0,0,0,0,0,0,0,0,0,0,0,0,0,0,0
240,8.008,880,248,0.25201,888,240,0.249564,880,240,0.274661,824,312,0.296999,776,336,0.187003,792,336,0.114957,904,304,0.263811,952,368,0.114341,0,0,0,808,432,0.280756,0,0,0,0,0,0,920,416,0.136076,0,0,0,0,0,0
245,8.17483,808,232,0.188485,816,232,0.184465,808,224,0.21238,832,280,0.148064,784,240,0.266802,816,216,0.115473,848,280,0.177156,0,0,0,832,264,0.105169,800,384,0.189622,0,0,0,0,0,0,0,0,0,0,0,0,0,0,0
250,8.34167,880,264,0.748207,888,256,0.725358,880,256,0.769029,864,304,0.7196,808,296,0.462007,760,264,0.313451,936,312,0.616931,960,368,0.299749,896,320,0.156549,848,424,0.602169,928,560,0.20157,1048,816,0.170461,912,432,0.444259,952,536,0.114004,1048,816,0.154212
255,8.5085,872,368,0.125636,864,408,0.13219,872,368,0.115944,856,408,0.140332,832,336,0.191909,832,344,0.159653,952,376,0.101588,992,408,0.165351,0,0,0,832,536,0.149274,0,0,0,0,0,0,0,0,0,0,0,0,0,0,0
260,8.67533,0,0,0,0,0,0,0,0,0,0,0,0,0,0,0,0,0,0,0,0,0,0,0,0,0,0,0,0,0,0,0,0,0,0,0,0,0,0,0,0,0,0,0,0,0
265,8.84217,904,192,0.37042,920,184,0.423785,904,184,0.329691,808,344,0.228498,880,344,0.310546,960,280,0.358815,864,312,0.169684,904,296,0.165639,0,0,0,800,352,0.122686,0,0,0,0,0,0,0,0,0,0,0,0,0,0,0
270,9.009,792,280,0.254956,912,160,0.222488,784,280,0.254,824,256,0.195907,800,328,0.502016,888,320,0.177217,824,288,0.101443,0,0,0,728,344,0.102351,840,384,0.122405,0,0,0,0,0,0,0,0,0,0,0,0,0,0,0
275,9.17583,800,296,0.370777,808,288,0.334717,784,280,0.403727,800,336,0.334905,728,312,0.36174,792,352,0.268888,872,328,0.22643,768,288,0.160637,752,320,0.200562,864,448,0.178876,0,0,0,1080,632,0.11913,904,440,0.150126,0,0,0,1064,656,0.1406
280,9.34267,0,0,0,0,0,0,0,0,0,808,360,0.111319,760,296,0.152501,0,0,0,0,0,0,752,296,0.106635,0,0,0,784,440,0.107519,0,0,0,0,0,0,0,0,0,0,0,0,0,0,0
285,9.5095,784,264,0.381409,792,256,0.291726,768,248,0.392931,776,312,0.30313,880,272,0.300925,792,328,0.295299,808,296,0.271852,896,248,0.338391,792,264,0.148203,776,424,0.259898,0,0,0,0,0,0,816,416,0.140314,0,0,0,0,0,0
290,9.67633,968,136,0.768292,960,128,0.799766,952,128,0.806923,848,224,0.545812,848,312,0.822878,984,248,0.573579,976,208,0.540566,960,264,0.188302,1032,224,0.333808,920,384,0.373248,968,472,0.113755,0,0,0,992,376,0.389252,0,0,0,0,0,0
295,9.84317,968,120,0.222392,960,120,0.169158,952,112,0.227407,0,0,0,0,0,0,0,0,0,0,0,0,0,0,0,0,0,0,0,0,0,0,0,0,0,0,0,0,0,0,0,0,0,0,0,0
300,10.01,0,0,0,824,408,0.102485,0,0,0,0,0,0,0,0,0,0,0,0,0,0,0,0,0,0,0,0,0,0,0,0,0,0,0,0,0,0,0,0,0,0,0,0,0,0,0
305,10.1768,0,0,0,0,0,0,0,0,0,0,0,0,0,0,0,0,0,0,0,0,0,0,0,0,0,0,0,0,0,0,0,0,0,0,0,0,0,0,0,0,0,0,0,0,0
310,10.3437,0,0,0,0,0,0,0,0,0,0,0,0,0,0,0,0,0,0,0,0,0,0,0,0,0,0,0,0,0,0,816,232,0.153894,0,0,0,0,0,0,0,0,0,0,0,0
315,10.5105,880,248,0.199671,880,240,0.176997,872,240,0.221228,848,256,0.247817,0,0,0,0,0,0,856,280,0.108608,0,0,0,0,0,0,776,464,0.164241,0,0,0,0,0,0,0,0,0,0,0,0,0,0,0
320,10.6773,0,0,0,736,440,0.101302,0,0,0,736,440,0.118221,688,472,0.101203,0,0,0,0,0,0,0,0,0,0,0,0,736,560,0.107936,0,0,0,0,0,0,0,0,0,0,0,0,0,0,0
325,10.8442,0,0,0,0,0,0,0,0,0,0,0,0,0,0,0,0,0,0,0,0,0,0,0,0,0,0,0,0,0,0,0,0,0,0,0,0,0,0,0,0,0,0,0,0,0
330,11.011,984,176,0.396209,984,160,0.438622,968,160,0.428531,872,216,0.454801,816,280,0.600767,904,312,0.422161,960,224,0.277931,960,216,0.115465,0,0,0,872,376,0.416743,0,0,0,0,0,0,936,392,0.273761,0,0,0,0,0,0
335,11.1778,936,200,0.366742,952,192,0.369767,920,192,0.426426,856,272,0.548141,936,272,0.692592,1024,208,0.495421,952,304,0.309568,904,216,0.127526,880,248,0.132728,872,440,0.404202,0,0,0,0,0,0,936,448,0.216581,0,0,0,0,0,0
340,11.3447,0,0,0,0,0,0,0,0,0,0,0,0,0,0,0,0,0,0,0,0,0,0,0,0,0,0,0,0,0,0,0,0,0,0,0,0,0,0,0,0,0,0,0,0,0
345,11.5115,920,168,0.512637,920,160,0.526291,912,152,0.604147,840,232,0.793294,912,312,0.59415,1040,256,0.243628,896,264,0.330232,944,216,0.259186,872,184,0.313642,848,392,0.334312,1016,512,0.112907,0,0,0,912,416,0.210607,0,0,0,0,0,0
350,11.6783,0,0,0,0,0,0,0,0,0,0,0,0,0,0,0,0,0,0,0,0,0,0,0,0,0,0,0,728,480,0.123503,0,0,0,0,0,0,0,0,0,0,0,0,0,0,0
355,11.8452,928,120,0.15066,920,120,0.126279,912,120,0.189813,848,224,0.275391,848,312,0.224321,0,0,0,856,240,0.105447,0,0,0,0,0,0,784,352,0.134679,0,0,0,0,0,0,0,0,0,0,0,0,0,0,0
360,12.012,936,112,0.306052,928,112,0.272281,920,112,0.36211,848,224,0.10168,0,0,0,0,0,0,0,0,0,0,0,0,0,0,0,0,0,0,0,0,0,0,0,0,0,0,0,0,0,0,0,0,0
365,12.1788,936,160,0.669902,928,152,0.684606,920,152,0.692761,840,248,0.704044,856,328,0.370199,952,368,0.293183,944,232,0.294459,1000,320,0.166696,840,216,0.121288,840,440,0.267782,0,0,0,0,0,0,928,440,0.222713,0,0,0,0,0,0
370,12.3457,928,160,0.551268,928,152,0.610093,912,152,0.602398,832,248,0.673496,832,328,0.376248,936,336,0.218997,976,232,0.222571,0,0,0,0,0,0,840,456,0.325244,0,0,0,0,0,0,912,456,0.152908,0,0,0,0,0,0
375,12.5125,0,0,0,0,0,0,0,0,0,0,0,0,736,440,0.126313,0,0,0,0,0,0,0,0,0,0,0,0,0,0,0,0,0,0,0,0,0,0,0,0,0,0,0,0,0,0
380,12.6793,968,160,0.230292,968,144,0.220281,952,152,0.227157,760,424,0.135738,720,464,0.200873,728,448,0.137795,0,0,0,0,0,0,0,0,0,768,536,0.139166,0,0,0,0,0,0,0,0,0,0,0,0,0,0,0
385,12.8462,0,0,0,0,0,0,0,0,0,0,0,0,0,0,0,0,0,0,0,0,0,0,0,0,0,0,0,736,216,0.107774,0,0,0,0,0,0,0,0,0,0,0,0,0,0,0
390,13.013,744,432,0.247293,752,432,0.222753,744,424,0.179812,744,464,0.162514,728,464,0.177078,776,432,0.139157,768,432,0.144216,816,400,0.211836,768,448,0.176219,800,560,0.199671,0,0,0,0,0,0,840,544,0.117028,0,0,0,0,0,0
395,13.1798,744,448,0.10368,760,440,0.104149,0,0,0,768,440,0.11099,816,384,0.109122,792,424,0.101582,0,0,0,0,0,0,0,0,0,824,560,0.143352,0,0,0,0,0,0,0,0,0,0,0,0,0,0,0
400,13.3467,0,0,0,792,416,0.104576,0,0,0,0,0,0,0,0,0,0,0,0,0,0,0,0,0,0,0,0,0,808,576,0.104618,0,0,0,0,0,0,0,0,0,0,0,0,0,0,0
405,13.5135,0,0,0,0,0,0,0,0,0,0,0,0,808,384,0.106898,0,0,0,0,0,0,0,0,0,0,0,0,752,216,0.101467,0,0,0,0,0,0,0,0,0,0,0,0,0,0,0
410,13.6803,768,392,0.130696,768,384,0.165,808,864,0.125657,776,424,0.168692,752,424,0.141743,0,0,0,768,440,0.109287,0,0,0,0,0,0,776,536,0.132215,0,0,0,0,0,0,0,0,0,0,0,0,0,0,0
415,13.8472,0,0,0,0,0,0,0,0,0,0,0,0,0,0,0,0,0,0,0,0,0,0,0,0,0,0,0,776,528,0.11836,0,0,0,0,0,0,0,0,0,0,0,0,0,0,0
420,14.014,816,256,0.542858,824,248,0.59041,808,248,0.608607,816,312,0.630298,792,256,0.566637,848,232,0.344624,888,304,0.434402,840,216,0.123091,824,280,0.14365,832,448,0.300464,0,0,0,0,0,0,912,440,0.213427,0,0,0,0,0,0
425,14.1808,0,0,0,0,0,0,0,0,0,0,0,0,0,0,0,0,0,0,0,0,0,0,0,0,0,0,0,0,0,0,0,0,0,0,0,0,0,0,0,0,0,0,0,0,0
430,14.3477,0,0,0,0,0,0,0,0,0,0,0,0,0,0,0,0,0,0,0,0,0,0,0,0,0,0,0,0,0,0,0,0,0,0,0,0,0,0,0,0,0,0,0,0,0
435,14.5145,0,0,0,0,0,0,0,0,0,0,0,0,0,0,0,0,0,0,0,0,0,0,0,0,0,0,0,0,0,0,0,0,0,0,0,0,0,0,0,0,0,0,0,0,0
440,14.6813,0,0,0,0,0,0,0,0,0,0,0,0,0,0,0,0,0,0,0,0,0,0,0,0,0,0,0,0,0,0,0,0,0,0,0,0,0,0,0,0,0,0,0,0,0
445,14.8482,0,0,0,832,464,0.116041,0,0,0,0,0,0,0,0,0,0,0,0,0,0,0,0,0,0,0,0,0,0,0,0,0,0,0,0,0,0,0,0,0,0,0,0,0,0,0
450,15.015,0,0,0,0,0,0,0,0,0,0,0,0,0,0,0,0,0,0,0,0,0,0,0,0,0,0,0,0,0,0,0,0,0,0,0,0,0,0,0,0,0,0,0,0,0
455,15.1818,0,0,0,0,0,0,0,0,0,0,0,0,0,0,0,0,0,0,0,0,0,0,0,0,0,0,0,0,0,0,0,0,0,0,0,0,0,0,0,0,0,0,0,0,0
460,15.3487,0,0,0,0,0,0,0,0,0,0,0,0,824,280,0.110527,0,0,0,0,0,0,0,0,0,0,0,0,824,240,0.154226,0,0,0,0,0,0,0,0,0,0,0,0,0,0,0
465,15.5155,0,0,0,0,0,0,0,0,0,0,0,0,0,0,0,0,0,0,0,0,0,0,0,0,0,0,0,776,216,0.192314,0,0,0,0,0,0,0,0,0,0,0,0,0,0,0
470,15.6823,0,0,0,0,0,0,0,0,0,0,0,0,0,0,0,0,0,0,0,0,0,0,0,0,0,0,0,816,232,0.153488,0,0,0,0,0,0,0,0,0,0,0,0,0,0,0
475,15.8492,0,0,0,0,0,0,0,0,0,0,0,0,0,0,0,0,0,0,0,0,0,0,0,0,0,0,0,816,240,0.122262,0,0,0,0,0,0,0,0,0,0,0,0,0,0,0
480,16.016,872,304,0.150637,832,304,0.109372,864,280,0.135028,864,336,0.14954,920,312,0.146788,0,0,0,872,320,0.159231,0,0,0,0,0,0,840,432,0.199355,0,0,0,0,0,0,0,0,0,0,0,0,0,0,0
485,16.1828,0,0,0,0,0,0,0,0,0,0,0,0,0,0,0,0,0,0,0,0,0,0,0,0,0,0,0,0,0,0,0,0,0,0,0,0,0,0,0,0,0,0,0,0,0
490,16.3497,0,0,0,0,0,0,0,0,0,0,0,0,768,440,0.11771,0,0,0,0,0,0,0,0,0,0,0,0,816,544,0.164169,0,0,0,0,0,0,0,0,0,0,0,0,0,0,0
495,16.5165,856,296,0.105883,872,288,0.143313,856,280,0.127541,864,328,0.156543,848,280,0.183985,864,256,0.106504,864,328,0.150677,0,0,0,832,368,0.109947,832,552,0.21724,0,0,0,0,0,0,0,0,0,0,0,0,0,0,0
500,16.6833,840,456,0.103305,840,448,0.114831,0,0,0,832,432,0.153415,800,400,0.119507,0,0,0,832,432,0.118932,880,472,0.14595,0,0,0,824,552,0.240781,0,0,0,0,0,0,848,552,0.105592,0,0,0,0,0,0
505,16.8502,872,240,0.130119,872,240,0.151615,880,232,0.151768,848,424,0.176641,808,392,0.123599,0,0,0,824,416,0.200584,888,464,0.135627,0,0,0,832,536,0.290867,0,0,0,0,0,0,840,552,0.162945,0,0,0,0,0,0
510,17.017,0,0,0,0,0,0,0,0,0,0,0,0,0,0,0,0,0,0,0,0,0,0,0,0,0,0,0,832,528,0.149748,0,0,0,0,0,0,0,0,0,0,0,0,0,0,0
515,17.1838,928,160,0.355872,936,152,0.377457,912,152,0.388702,864,224,0.331634,904,216,0.288805,992,176,0.22041,936,248,0.172825,0,0,0,0,0,0,864,400,0.214405,0,0,0,0,0,0,936,416,0.100254,0,0,0,0,0,0
520,17.3507,896,168,0.208157,904,160,0.196808,888,168,0.223796,832,280,0.100548,824,248,0.167202,824,216,0.162889,0,0,0,0,0,0,0,0,0,888,400,0.110506,0,0,0,0,0,0,0,0,0,0,0,0,0,0,0
525,17.5175,0,0,0,0,0,0,0,0,0,0,0,0,0,0,0,0,0,0,0,0,0,0,0,0,0,0,0,704,200,0.100597,0,0,0,0,0,0,0,0,0,0,0,0,0,0,0
530,17.6843,0,0,0,0,0,0,0,0,0,0,0,0,0,0,0,0,0,0,0,0,0,0,0,0,0,0,0,0,0,0,0,0,0,0,0,0,0,0,0,0,0,0,0,0,0
535,17.8512,0,0,0,0,0,0,0,0,0,0,0,0,0,0,0,0,0,0,0,0,0,0,0,0,0,0,0,0,0,0,0,0,0,0,0,0,0,0,0,0,0,0,0,0,0
540,18.018,0,0,0,0,0,0,0,0,0,792,352,0.122799,760,352,0.341617,784,280,0.166333,0,0,0,752,352,0.134319,0,0,0,824,616,0.13589,0,0,0,0,0,0,0,0,0,0,0,0,0,0,0
545,18.1848,0,0,0,0,0,0,0,0,0,800,368,0.116772,776,368,0.181369,0,0,0,0,0,0,0,0,0,0,0,0,808,464,0.128307,0,0,0,0,0,0,0,0,0,0,0,0,0,0,0
550,18.3517,0,0,0,0,0,0,0,0,0,0,0,0,0,0,0,0,0,0,0,0,0,0,0,0,0,0,0,0,0,0,0,0,0,0,0,0,0,0,0,0,0,0,0,0,0
555,18.5185,0,0,0,0,0,0,0,0,0,0,0,0,0,0,0,0,0,0,0,0,0,0,0,0,0,0,0,696,200,0.160839,0,0,0,0,0,0,0,0,0,0,0,0,0,0,0
560,18.6853,0,0,0,0,0,0,0,0,0,0,0,0,0,0,0,0,0,0,0,0,0,0,0,0,0,0,0,0,0,0,0,0,0,0,0,0,0,0,0,0,0,0,0,0,0
565,18.8522,0,0,0,0,0,0,0,0,0,0,0,0,0,0,0,0,0,0,0,0,0,0,0,0,0,0,0,0,0,0,0,0,0,0,0,0,0,0,0,0,0,0,0,0,0
570,19.019,840,448,0.176225,840,448,0.142864,824,448,0.170758,824,488,0.124574,0,0,0,0,0,0,0,0,0,0,0,0,0,0,0,752,552,0.103495,0,0,0,0,0,0,0,0,0,0,0,0,0,0,0
575,19.1858,0,0,0,816,264,0.11557,0,0,0,784,304,0.119269,760,336,0.122156,0,0,0,0,0,0,0,0,0,0,0,0,776,360,0.105242,0,0,0,0,0,0,0,0,0,0,0,0,0,0,0
580,19.3527,0,0,0,0,0,0,0,0,0,0,0,0,0,0,0,0,0,0,0,0,0,0,0,0,0,0,0,0,0,0,0,0,0,0,0,0,0,0,0,0,0,0,0,0,0
585,19.5195,0,0,0,0,0,0,0,0,0,0,0,0,0,0,0,0,0,0,0,0,0,0,0,0,0,0,0,0,0,0,0,0,0,0,0,0,0,0,0,0,0,0,0,0,0
590,19.6863,936,192,0.209816,928,184,0.228692,920,184,0.293448,816,280,0.563829,792,392,0.632907,896,392,0.360673,912,272,0.304858,928,344,0.144175,912,216,0.107816,824,440,0.480637,872,568,0.131478,0,0,0,904,440,0.383284,0,0,0,0,0,0
595,19.8532,0,0,0,0,0,0,0,0,0,0,0,0,0,0,0,0,0,0,0,0,0,0,0,0,0,0,0,0,0,0,0,0,0,0,0,0,0,0,0,0,0,0,0,0,0
600,20.02,0,0,0,0,0,0,0,0,0,0,0,0,0,0,0,0,0,0,0,0,0,0,0,0,0,0,0,744,256,0.106446,0,0,0,0,0,0,0,0,0,0,0,0,0,0,0
605,20.1868,0,0,0,0,0,0,0,0,0,0,0,0,0,0,0,0,0,0,0,0,0,0,0,0,0,0,0,0,0,0,0,0,0,0,0,0,0,0,0,0,0,0,0,0,0
610,20.3537,0,0,0,960,504,0.101051,0,0,0,0,0,0,0,0,0,0,0,0,0,0,0,0,0,0,0,0,0,0,0,0,0,0,0,0,0,0,0,0,0,0,0,0,0,0,0
615,20.5205,0,0,0,792,280,0.100727,0,0,0,0,0,0,0,0,0,0,0,0,0,0,0,0,0,0,0,0,0,0,0,0,0,0,0,0,0,0,0,0,0,0,0,0,0,0,0
620,20.6873,816,264,0.355775,824,256,0.359644,816,256,0.398852,800,296,0.271109,808,248,0.259594,824,248,0.107943,848,312,0.240528,824,288,0.104739,800,288,0.140383,768,432,0.183324,0,0,0,0,0,0,832,424,0.101284,0,0,0,0,0,0
625,20.8542,0,0,0,864,184,0.101711,856,184,0.10273,0,0,0,0,0,0,0,0,0,0,0,0,0,0,0,0,0,0,0,0,0,0,0,0,0,0,0,0,0,0,0,0,0,0,0,0
630,21.021,776,240,0.156987,768,240,0.144225,784,232,0.162233,784,256,0.192486,808,240,0.18923,0,0,0,800,256,0.157642,0,0,0,0,0,0,744,368,0.172433,0,0,0,0,0,0,0,0,0,0,0,0,0,0,0
635,21.1878,0,0,0,768,480,0.107401,0,0,0,744,536,0.105917,0,0,0,0,0,0,0,0,0,0,0,0,0,0,0,736,616,0.10563,0,0,0,0,0,0,0,0,0,0,0,0,0,0,0
640,21.3547,976,160,0.350792,976,152,0.365942,976,152,0.404534,928,176,0.417492,880,232,0.355847,896,272,0.212749,976,208,0.353648,992,248,0.189531,992,240,0.140921,864,272,0.297254,896,192,0.51129,992,360,0.269576,904,288,0.179379,984,312,0.149574,976,360,0.284336
645,21.5215,920,224,0.382751,920,192,0.347352,904,208,0.423896,824,312,0.243946,808,312,0.415185,832,256,0.29839,928,240,0.199183,984,256,0.14314,0,0,0,832,304,0.142738,856,208,0.128725,0,0,0,936,408,0.127276,0,0,0,0,0,0
650,21.6883,0,0,0,0,0,0,0,0,0,0,0,0,808,320,0.128709,0,0,0,0,0,0,0,0,0,0,0,0,824,328,0.11914,840,248,0.101258,0,0,0,0,0,0,0,0,0,0,0,0
655,21.8552,0,0,0,0,0,0,0,0,0,0,0,0,0,0,0,0,0,0,0,0,0,0,0,0,0,0,0,0,0,0,0,0,0,0,0,0,0,0,0,0,0,0,0,0,0
660,22.022,0,0,0,0,0,0,0,0,0,0,0,0,0,0,0,0,0,0,0,0,0,0,0,0,0,0,0,0,0,0,0,0,0,0,0,0,0,0,0,0,0,0,0,0,0
665,22.1888,792,304,0.115799,0,0,0,848,296,0.172107,848,288,0.128192,752,328,0.186546,0,0,0,0,0,0,0,0,0,1016,352,0.120075,784,392,0.185937,736,312,0.418731,728,456,0.150042,888,408,0.193787,816,312,0.227761,928,480,0.348404
670,22.3557,0,0,0,0,0,0,0,0,0,0,0,0,784,344,0.108939,0,0,0,0,0,0,0,0,0,0,0,0,0,0,0,760,304,0.316773,0,0,0,0,0,0,0,0,0,0,0,0
675,22.5225,880,304,0.1906,960,256,0.205394,792,304,0.252895,856,320,0.148544,800,328,0.172723,960,280,0.220035,896,328,0.122547,0,0,0,0,0,0,888,408,0.241272,752,288,0.304939,920,456,0.132602,968,440,0.128924,0,0,0,0,0,0
680,22.6893,0,0,0,0,0,0,0,0,0,0,0,0,0,0,0,0,0,0,0,0,0,0,0,0,0,0,0,0,0,0,0,0,0,0,0,0,0,0,0,0,0,0,0,0,0
685,22.8562,760,264,0.117773,760,264,0.104176,752,256,0.124872,0,0,0,0,0,0,0,0,0,0,0,0,0,0,0,0,0,0,0,0,0,0,0,0,0,0,0,0,0,0,0,0,0,0,0,0
690,23.023,0,0,0,0,0,0,0,0,0,0,0,0,0,0,0,0,0,0,0,0,0,0,0,0,0,0,0,0,0,0,0,0,0,0,0,0,0,0,0,0,0,0,0,0,0
695,23.1898,0,0,0,0,0,0,0,0,0,0,0,0,0,0,0,0,0,0,0,0,0,0,0,0,0,0,0,0,0,0,0,0,0,0,0,0,0,0,0,0,0,0,0,0,0
700,23.3567,0,0,0,0,0,0,0,0,0,0,0,0,0,0,0,0,0,0,0,0,0,0,0,0,0,0,0,0,0,0,0,0,0,0,0,0,0,0,0,0,0,0,0,0,0
705,23.5235,0,0,0,0,0,0,0,0,0,0,0,0,0,0,0,0,0,0,0,0,0,0,0,0,0,0,0,0,0,0,0,0,0,0,0,0,0,0,0,0,0,0,0,0,0
710,23.6903,0,0,0,0,0,0,0,0,0,0,0,0,0,0,0,0,0,0,0,0,0,0,0,0,0,0,0,0,0,0,0,0,0,0,0,0,0,0,0,0,0,0,0,0,0
715,23.8572,0,0,0,0,0,0,0,0,0,0,0,0,0,0,0,0,0,0,0,0,0,0,0,0,0,0,0,800,696,0.119116,880,768,0.108417,984,888,0.205857,0,0,0,0,0,0,0,0,0
720,24.024,0,0,0,0,0,0,0,0,0,0,0,0,0,0,0,0,0,0,0,0,0,0,0,0,0,0,0,0,0,0,0,0,0,0,0,0,0,0,0,0,0,0,0,0,0
725,24.1908,0,0,0,0,0,0,0,0,0,0,0,0,0,0,0,0,0,0,0,0,0,0,0,0,0,0,0,0,0,0,0,0,0,0,0,0,0,0,0,0,0,0,0,0,0
730,24.3577,0,0,0,0,0,0,0,0,0,0,0,0,0,0,0,0,0,0,0,0,0,0,0,0,0,0,0,1016,400,0.105868,0,0,0,0,0,0,0,0,0,0,0,0,0,0,0
735,24.5245,0,0,0,0,0,0,0,0,0,0,0,0,0,0,0,0,0,0,0,0,0,0,0,0,0,0,0,0,0,0,0,0,0,0,0,0,0,0,0,0,0,0,0,0,0
740,24.6913,784,272,0.326698,792,264,0.265871,768,272,0.347145,744,312,0.423292,776,328,0.456673,840,248,0.515726,848,304,0.382238,888,352,0.124232,0,0,0,800,440,0.320251,0,0,0,0,0,0,856,424,0.193541,0,0,0,0,0,0
745,24.8582,792,320,0.110733,800,320,0.119014,792,304,0.120524,784,344,0.1174,800,336,0.154964,0,0,0,0,0,0,0,0,0,0,0,0,768,456,0.109747,0,0,0,0,0,0,0,0,0,0,0,0,0,0,0
750,25.025,0,0,0,0,0,0,0,0,0,0,0,0,0,0,0,0,0,0,0,0,0,0,0,0,0,0,0,0,0,0,0,0,0,0,0,0,0,0,0,0,0,0,0,0,0
755,25.1918,824,328,0.113894,832,336,0.102316,832,312,0.139937,808,352,0.109824,808,416,0.157415,0,0,0,0,0,0,0,0,0,0,0,0,0,0,0,0,0,0,0,0,0,0,0,0,0,0,0,0,0,0
760,25.3587,728,368,0.113649,728,368,0.117099,704,368,0.113836,712,424,0.142377,768,432,0.142879,776,456,0.108173,736,416,0.131906,800,424,0.151244,0,0,0,728,544,0.255762,0,0,0,0,0,0,752,552,0.13463,0,0,0,0,0,0
765,25.5255,0,0,0,0,0,0,0,0,0,0,0,0,0,0,0,0,0,0,0,0,0,0,0,0,0,0,0,0,0,0,0,0,0,0,0,0,0,0,0,0,0,0,0,0,0
770,25.6923,0,0,0,0,0,0,0,0,0,0,0,0,0,0,0,0,0,0,0,0,0,0,0,0,0,0,0,0,0,0,0,0,0,0,0,0,0,0,0,0,0,0,0,0,0
775,25.8592,0,0,0,0,0,0,0,0,0,0,0,0,0,0,0,0,0,0,0,0,0,0,0,0,0,0,0,0,0,0,0,0,0,0,0,0,0,0,0,0,0,0,0,0,0
780,26.026,736,376,0.109101,736,368,0.106562,736,368,0.109033,0,0,0,0,0,0,0,0,0,0,0,0,0,0,0,0,0,0,0,0,0,0,0,0,0,0,0,0,0,0,0,0,0,0,0,0
785,26.1928,752,376,0.158247,768,368,0.148897,760,360,0.142497,744,400,0.131544,0,0,0,0,0,0,784,392,0.159478,816,400,0.112923,0,0,0,752,544,0.172471,0,0,0,0,0,0,800,544,0.122796,0,0,0,0,0,0
790,26.3597,0,0,0,0,0,0,0,0,0,0,0,0,0,0,0,0,0,0,0,0,0,0,0,0,0,0,0,0,0,0,0,0,0,0,0,0,0,0,0,0,0,0,0,0,0
795,26.5265,792,352,0.182766,800,344,0.17298,800,344,0.166598,800,360,0.154972,0,0,0,0,0,0,0,0,0,0,0,0,0,0,0,0,0,0,0,0,0,0,0,0,0,0,0,0,0,0,0,0,0
800,26.6933,0,0,0,0,0,0,0,0,0,808,336,0.10475,0,0,0,0,0,0,0,0,0,0,0,0,0,0,0,0,0,0,0,0,0,0,0,0,0,0,0,0,0,0,0,0,0
805,26.8602,0,0,0,0,0,0,0,0,0,0,0,0,0,0,0,0,0,0,0,0,0,0,0,0,0,0,0,728,200,0.110288,0,0,0,0,0,0,0,0,0,0,0,0,0,0,0
810,27.027,0,0,0,0,0,0,0,0,0,0,0,0,0,0,0,0,0,0,0,0,0,0,0,0,0,0,0,0,0,0,0,0,0,0,0,0,0,0,0,0,0,0,0,0,0
